<?xml version="1.0" encoding="UTF-8" ?>
<!DOCTYPE configuration
PUBLIC "-//mybatis.org//DTD Config 3.0//EN"
"http://mybatis.org/dtd/mybatis-3-config.dtd">
<configuration>
<environments default="development">
<environment id="development">
<transactionManager type="JDBC"/>
<dataSource type="POOLED">
<property name="driver" value="com.mysql.jdbc.Driver"/>
<property name="url" value="jdbc:mysql://127.0.0.1:3356/nk_demo?useUnicode=true&amp;autoReconnect=true&amp;characterEncoding=UTF-8&amp;useOldAliasMetadataBehavior=true"/>
<property name="username" value="root"/>
<property name="password" value="01"/>
<property name="poolPingQuery" value="SELECT * FROM NK_SYS_MENU" />
<property name="poolPingEnabled" value="true" />
</dataSource>
</environment>
</environments>
<mappers>
</mappers>
</configuration>