<?xml version="1.0" encoding="UTF-8"?>
<!DOCTYPE noka PUBLIC
"-//noka//DTD noka-tag Configuration 6.0.12//EN"
    "noka-tag-6.0.12.dtd">
<config>
<sysconfig>
<option key="db-connection-class" value="org.nokatag.Connection.DBJdbcConnection"></option>
<option key="db-driver" value="com.mysql.jdbc.Driver"></option>
<option key="db-url" value="jdbc:mysql://127.0.0.1:3356/nk_demo?useUnicode=true&amp;autoReconnect=true&amp;characterEncoding=UTF-8&amp;useOldAliasMetadataBehavior=true"></option>
<option key="db-user" value="root"></option>
<option key="db-password" value="01"></option>
<option key="default-language" value="zh-CN"></option><!-- 系统默认语言 -->
<option key="excel-tempdir" value="${rootdir}/excel"></option><!-- 导出excel时临时存放的目录 -->
<option key="sql-checkvalue" value="'|and|exec|insert|select|delete|update|count|*|%|chr|mid|master|truncate|char|declare|;|or|--|+|,"></option>
<option key="pass-key" value="noka2jkl^swf@#$LKJds567q9KLJ^*1lkjsad"></option><!-- 加密密钥 -->
<file-save position="${rootdir}/NK_FU" type="DISK"></file-save><!-- 上传文件存放配置 position为存放目标位置 如果是数据库，直接写表名，如果磁盘直接写目录，可以绝对目录如C:/file 或是相对目录如${rootdir}/fileserver type为存放类型 可选DISK表示磁盘 DB表示数据库 -->
<!-- 
	文档替换列表，其中rooturl为系统默认替换，无须设置 
	key为需要替换的关键字，在文档中的写法为${key}
	revalue为取得重设置时用的关键字
	type为取得重设置的类型，支持从request、session、const、paramenter四种方式
-->
<!--
<rewritlist key="skin" type="request" revalue="skin"></rewritlist>
-->
</sysconfig>
<cache-files cache="false" prefix="/script" skip="a.js,b.js">
<cache-file extension="*.js" expires="1s"></cache-file>
<cache-file extension="*.css" expires="30h"></cache-file>
<cache-file extension="*.jpg" expires="30m"></cache-file>
<cache-file extension="*.png" expires="30s"></cache-file>
<cache-file extension="*.gif" expires="30D"></cache-file>
</cache-files>
<accord id="1">
<![CDATA[
* {margin:0; padding:0; font:12px Verdana,Arial}
.${accordion.style.css_id} {width:${accordion.style.css_width}px; list-style:none; color:#033; margin-bottom:15px}
.${accordion.style.css_id} h3 {width:${accordion.style.css_hwidth}px; text-align:${accordion.style.css_align};border:1px solid #9ac1c9; padding:6px 6px 8px; font-weight:bold; margin-top:5px; cursor:pointer; background:url(${rootpath}/nokatag/accordion/images/header.gif)}
.${accordion.style.css_id} h3:hover {background:url(${rootpath}/nokatag/accordion/images/header_over.gif)}
.${accordion.style.css_id} .acc-section {overflow:hidden; background:#fff;margin:0px auto; text-align:center;}
.${accordion.style.css_id} .acc-content {width:${accordion.style.css_contentwidth}px;height:${accordion.style.css_height}px;overflow:auto;text-align:center; margin:0px auto;  padding:15px; border:1px solid #9ac1c9; border-top:none; background:#fff}
.${accordion.style.css_id} .acc-selected {background:url(${rootpath}/nokatag/accordion/images/header_over.gif)}
.noka_tag_button{background-color: transparent;cursor: pointer;border: 0px;};
]]>
</accord>
<dbgrid id="1">
<![CDATA[
	.nk_select_div{
		
	}
	.nk_dbgrid_div{
	 	border-top: solid 1px #696969;
		border-left: solid 1px #696969;
		border-right: solid 1px #696969;
		border-bottom: solid 1px #696969;
		position: relative;
	}
	.nk_title_div{
		z-index: 100;
		margin: 0;
		overflow:hidden;
		position: relative;
	}
	.nk_head_div{
		background: url('${rootpath}/nokatag/tablegrid/images/hrow.gif') repeat-x;
    	border-spacing: 1px;
    	margin: 0;
    	overflow: hidden;
     	border-bottom: solid 1px #696969;
     	border-top: solid 1px #696969;
     	position: relative;
	}
	.nk_body_div{
 		overflow:auto;
 		background: none repeat scroll 0 0 #8F8F9A;
    	border-spacing: 1px;
    	margin: 0;
    	position: relative;
	}
	.nk_bottom_div{
		border-top: solid 1px #696969;
		overflow:hidden;
	}
	.nk_title_table{
		background-color: #696969;
		padding: 0;
		margin:0px;
	}
	.nk_head_table{
		padding: 0;
		word-break:break-all;
		margin:0px;
	}
	.nk_data_table{
		background-color: #696969;
		word-break:break-all;
		padding: 0;
		margin:0px;
	}
	.nk_bottom_table{
		background-color: #696969;
		padding: 0;
	}
	.nk_title{
		 background: url('${rootpath}/nokatag/tablegrid/images/hrow.gif') repeat-x;
		 background-color: #FFFFFF;
		 height:24px;
		 overflow:hidden;
		 word-break:break-all;
	}
	.nk_head{
		 background: url('${rootpath}/nokatag/tablegrid/images/hrow.gif') repeat-x;
		 height:24px;
		 font-size: 12px;
		 word-break:break-all;
		 padding: 0;
		 text-align: left;
		 border-right: solid 1px #696969;
	}
	/* 偶数行 */
	.data_cell_0{
		 background-color: #FFFFFF;
		 height:24px;
		 font-size: 12px;
		 word-break:break-all;
		 padding: 0;
		 text-align: left;
		 border-right: solid 1px #696969;
		 border-bottom: solid 1px #696969;
		 border-top: solid 1px #696969;
	 }
	 /* 奇数行 */
	.data_cell_1{
		 background-color: #FFBBFF;
		 height:24px;
		 font-size: 12px;
		 word-break:break-all;
		 text-align: left;
		 padding: 0;
		 overflow:hidden;
		 border-right: solid 1px #696969;
		 border-bottom: solid 1px #696969;
		 border-top: solid 1px #696969;
	 }
	 /*警示行*/
	 .data_row_1{
		 background-color: #AAABFF;
		 height:24px;
		 width: 0px;
		 font-size: 12px;
		 word-break:break-all;
		 padding: 0;
	 }
	  /*警示行*/
	 .data_row_2{
		 background-color: #FFFFFF;
		 height:24px;
		 width: 0px;
		 font-size: 12px;
		 word-break:break-all;
		 padding: 0;
	 }
	 /* 分页信息 */
	 .nk_page_cell_1{
		background-color: #FFFFFF;
		cursor: default;
		height:24px;
		background: url('${rootpath}/nokatag/tablegrid/images/hrow.gif') repeat-x;
	 }
	 /* 图片 */
	 .images_date{
	 	border: 0;cursor: pointer;width: 16px;height: 19px;
	 	margin-right:-3px;
		vertical-align:-5px;
		vertical-align:middle;
	 }
	 /* 图片 */
	 .nk_sub_images{
	 	border: 0;cursor: pointer;width: 16px;height: 16px;
	 	margin-right:-3px;
		vertical-align:-4px;
	 }
	 /* 图片 */
	 .nk_images_but{
	 	border: 0;cursor: pointer;width: 16px;height: 16px;
	 	margin-right:0px;
		vertical-align:-4px;
		border:1px solid #333333;
	 } 
	  /* 排序图片 */
	 .nk_asc_desc_images{
	 	border: 0;cursor: pointer;width: 8px;height: 4px;
	 	margin-right:0px;
		vertical-align:0px;
	 }
	 .nk_cell_menu{
	 	z-index: 999999;
	 }
	 .nk_table_menu{
		background-color: #FFFFFF;
		border-bottom: solid 1px #696969;
	 }
	 .nk_menu_td_1{
	 	border-top: solid 1px #696969;
		border-left: solid 1px #696969;
	 } 
	 .nk_menu_td_2{
	 	border-top: solid 1px #696969;
		border-right: solid 1px #696969;
	 }
	 .nk_input_check{
	 	margin-right:-2px;
		vertical-align:-2px;
	 }
	 .nk_sub_td{
	 	word-break:break-all;
		padding: 0;
		background-color: #FFFFFF;
		border-top: solid 1px #696969;
		border-left: solid 1px #696969;
		border-right: solid 1px #696969;
	 }
	 /*查询按钮样式*/
	 .select_button{
	 }
	 /*查询录入框样式*/
	 .select_input{
	   border: 1px solid #AFAFAF;
	   height:19px;
	   vertical-align:middle;
	 }
	 /*拖动列宽时的线*/
	 .nk_resizeMarker{
	   width: 1px;background-color: #000000;
	 }
	 /*自定义统计栏*/
	 .nk_custom_div{
	 	height:30px;
	 }
	 /*子表表体样式*/
	 .subgrid_table{
		background-color: #44B7A8;
		padding: 0;
		width: 100%;
	}
	/*子表表头行样式*/
	.subgrid_head_tr{
	 b
	}
	/*子表表头单元格样式*/
	.subgrid_head_td{
	 background-color: #B4E1DC;
	}
	/*子表数据偶数行样式*/
	.subgrid_cell_tr_0{
	}
	/*子表数据奇数行样式*/
	.subgrid_cell_tr_1{
	}
	/*子表数据偶数行单元格样式*/
	.subgrid_cell_0{
	 background-color: #FFFFFF;
	}
	/*子表数据奇数行单元格样式*/
	.subgrid_cell_1{
	 background-color: #FFCCCC;
	}
	 ]]>
</dbgrid>
<!-- 子表模板 -->
<subgrid id="1">
<![CDATA[
	你好啊名字：${0}<br>
	你好啊名字：${3}<br>
	你好啊名字：${5}<br>
]]>
</subgrid>
<kword id="1" value="absdeghjkmnpqrstuwxyzABCDEFGHIJKLMNPQRST23456789"></kword>
<kword id="2" value="FDABZXSRETOP你好这是什么东西"></kword>
</config>